,Flight,Aicraft
0,SG-8709,B38M
1,SG-8157,737
2,I5-764,A20N
3,UK-995,A320
4,UK-963,A320
5,UK-945,A320
6,UK-927,A320
7,UK-951,A320
8,G8-334,A320
9,G8-336,A320
10,G8-392,A320
11,G8-338,A320
12,6E-5001,A321
13,6E-6202,A320
14,6E-549,A321
15,6E-6278,A321
16,AI-887,A321
17,AI-665,A321
18,I5-747,A20N
19,G8-266,A320
20,G8-101,A320
21,G8-103,A320
22,AI-441,A20N
23,6E-5328,A321
24,UK-933,A320
25,6E-2046,A321
26,I5-744,A320
27,SG-8169,737
28,6E-5041,A320
29,G8-165,A320
30,6E-2373,A320
31,UK-813,A320
32,UK-817,A321
33,UK-819,A321
34,UK-801,A320
35,UK-815,A320
36,AI-453,A321
37,SG-2976,DH8B
38,AI-504,A20N
39,AI-502,A20N
40,AI-506,A20N
41,AI-803,A20N
42,AI-479,A321
43,SG-339,737
44,UK-955,A320
45,UK-627,A320
46,I5-784,A20N
47,AI-9643,
48,AI-540,A321
49,AI-429,A321
50,AI-439,A20N
51,AI-9645,
52,6E-2193,A320
53,6E-2168,A321
54,6E-152,A320
55,6E-369,A320
56,UK-899,A320
57,AI-764,A321
58,UK-747,A320
59,UK-809,A320
60,UK-737,A320
61,6E-2338,A321
62,G8-237,A320
63,UK-871,A320
64,AI-762,A321
65,G8-1404,A320
66,AI-512,A319
67,AI-537,A20N
68,UK-977,A320
69,6E-184,A320
70,SG-3002,DH8B
71,6E-2102,A321
72,AI-801,A321
73,UK-637,A320
74,UK-835,A320
75,AI-531,A321
76,UK-705,A320
77,UK-707,A320
78,UK-673,A320
79,AI-839,A20N
80,UK-879,A320
81,G8-191,A320
82,AI-767,A20N
83,AI-401,A321
84,AI-473,A20N
85,G8-213,A320
86,AI-409,A320
87,UK-837,A320
88,AI-877,A20N
89,SG-8803,737
90,UK-985,A321
91,UK-953,B738
92,G8-346,A320
93,G8-330,A320
94,G8-323,A320
95,6E-218,A321
96,6E-6722,A320
97,AI-868,B77W
98,AI-805,B788
99,AI-624,A20N
100,G8-188,A320
101,AI-636,A20N
102,6E-2022,A320
103,AI-469,A320
104,AI-542,A20N
105,AI-560,A20N
106,UK-683,A320
107,AI-403,A20N
108,6E-2154,A320
109,AI-9843,
110,AI-544,B77W
111,6E-282,A321
112,UK-859,A320
113,UK-829,A321
114,AI-9857,
115,6E-607,A320
116,AI-885,A320
117,SG-2277,DH8B
118,G8-719,A320
119,G8-119,A320
120,G8-717,A320
121,UK-706,A320
122,AI-465,A20N
123,6E-5018,A321
124,UK-839,A320
125,UK-833,A320
126,AI-406,A20N
127,AI-9809,
128,G8-286,A320
129,UK-847,A321
130,AI-411,A320
131,G8-113,A320
132,SG-8483,737
133,AI-475,A321
134,6E-181,A320
135,6E-2092,A320
136,AI-9911,
137,6E-5063,A321
138,6E-7403,ATR
139,UK-855,A320
140,AI-807,A320
141,G8-300,A320
142,AI-811,A319
143,AI-431,A321
144,SG-1089,737
145,SG-1061,DH8B
146,SG-1063,
147,6E-2054,A320
148,AI-678,A20N
149,G8-1010,A320
150,AI-435,A20N
151,AI-499,A319
152,AI-9887,
153,AI-483,A321
154,G8-357,A320
155,AI-451,A320
156,AI-471,A20N
157,SG-1091,
158,UK-981,A321
159,UK-975,A320
160,UK-993,A320
161,UK-943,A320
162,UK-941,A320
163,I5-721,A20N
164,I5-773,A20N
165,G8-199,A320
166,SG-8339,737
167,AI-481,A320
168,AI-9939,
169,UK-811,A320
170,UK-807,A320
171,AI-9915,
172,6E-2137,A321
173,6E-2097,A320
174,6E-926,A321
175,AI-415,A320
176,G8-2401,A320
177,UK-727,A320
178,AI-423,A321
179,AI-865,A20N
180,6E-2083,A320
181,AI-485,A20N
182,6E-5088,A321
183,I5-740,A320
184,I5-482,A320
185,6E-2901,
186,6E-6261,A320
187,6E-2013,A320
188,I5-1529,A320
189,I5-741,A320
190,G8-7533,
191,G8-7534,
192,G8-7535,
193,G8-530,A320
194,G8-354,A320
195,G8-2501,A320
196,6E-171,A320
197,I5-788,A320
198,G8-211,A320
199,G8-7553,
200,G8-2509,A320
201,G8-194,A320
202,G8-2609,A320
203,6E-2042,A320
204,G8-713,A320
205,I5-798,A20N
206,I5-775,A320
207,G8-7541,
208,G8-2403,A320
209,G8-203,A320
210,G8-209,A320
211,AI-837,A321
212,I5-881,A320
213,6E-5329,A321
214,6E-2081,A321
215,6E-573,A320
216,AI-491,A321
217,AI-883,A321
218,AI-9609,
219,AI-9015,
220,SG-9974,DH8B
221,AI-9017,
222,6E-865,A320
223,I5-735,A20N
224,6E-2033,A320
225,6E-6245,A320
226,6E-5042,A321
227,SG-8723,737
228,SG-8701,737
229,6E-2519,A321
230,6E-153,A320
231,6E-5026,A320
232,6E-5087,A320
233,6E-736,A320
234,AI-861,A321
235,6E-6939,A320
236,6E-6231,A320
237,AI-437,A321
238,6E-212,A321
239,6E-7336,AT43
240,6E-6098,A320
241,6E-698,A320
242,UK-812,A320
243,AI-641,A320
244,SG-2643,DH8B
245,G8-268,A320
246,G8-207,A320
247,G8-404,A320
248,6E-7348,AT43
249,6E-2274,A321
250,G8-105,A320
251,G8-2511,A320
252,G8-143,A320
253,6E-2176,A320
254,6E-864,A321
255,G8-108,A320
256,AI-407,A319
257,AI-487,A20N
258,G8-107,A320
259,UK-671,A320
260,SG-191,737
261,6E-2026,A321
262,6E-5175,A320
263,6E-2188,A321
264,6E-654,A321
265,6E-2028,A321
266,I5-548,A320
267,SG-8185,737
268,SG-8946,B38M
269,6E-2471,A320
270,6E-186,A321
271,G8-2513,A320
272,G8-131,A320
273,6E-2147,A321
274,6E-198,A320
275,G8-133,A320
276,6E-6205,A321
277,6E-2247,A320
278,6E-2005,A321
279,I5-767,A20N
280,I5-792,A320
281,I5-783,A20N
282,AI-459,A20N
283,UK-741,A320
284,AI-467,A20N
285,SG-143,737
286,6E-2914,
287,6E-788,A320
288,6E-2616,A320
289,6E-2336,A321
290,6E-2131,A321
291,I5-710,A320
292,I5-711,A320
293,SG-8938,B38M
294,I5-768,A20N
295,G8-171,A320
296,6E-221,A320
297,SG-8721,737
298,6E-2331,A321
299,SG-8645,B38M
300,SG-8171,
301,SG-8411,B38M
302,SG-8207,B38M
303,G8-173,A320
304,I5-779,A320
305,6E-2769,A320
306,6E-5059,A321
307,6E-7407,ATR
308,I5-787,A20N
309,SG-5007,
310,SG-6001,
311,SG-534,737
312,6E-2036,A320
313,I5-550,A320
314,SG-5012,
315,SG-8941,B38M
316,6E-772,A321
317,6E-967,A320
318,6E-2753,A321
319,UK-721,A320
320,I5-791,A320
321,SG-8910,B38M
322,I5-713,A320
323,G8-275,A320
324,G8-422,A320
325,I5-559,A320
326,G8-7549,
327,G8-231,A320
328,6E-2343,A321
329,G8-7555,
330,G8-145,A320
331,6E-2478,A320
332,6E-2348,A320
333,6E-2082,A321
334,6E-6233,A321
335,6E-2249,A320
336,G8-7542,
337,SG-480,737
338,6E-552,A320
339,6E-951,A320
340,6E-286,A320
341,6E-6264,A320
342,6E-177,A320
343,6E-767,A320
344,6E-5014,A321
345,G8-1171,A320
346,SG-8191,737
347,6E-2048,A320
348,6E-6612,A320
349,6E-308,A320
350,6E-781,A320
351,SG-8905,737
352,6E-6565,A320
353,6E-2015,A321
354,SG-197,737
355,6E-963,A321
356,SG-389,737
357,AI-889,A321
358,SG-946,737
359,SG-8480,737
360,G8-2201,A320
361,6E-353,A321
362,6E-483,A320
363,6E-2106,A320
364,SG-8253,737
365,6E-912,A320
366,6E-2057,A320
367,6E-6238,A320
368,6E-2485,A320
369,6E-6271,A320
370,6E-2513,A320
371,6E-755,A321
372,6E-2615,A320
373,6E-397,A320
374,SG-8903,737
375,SG-8187,737
376,UK-641,A320
377,6E-6195,A320
378,G8-153,A320
379,AI-891,A320
380,6E-2178,A320
381,6E-2032,A320
382,6E-2181,A320
383,6E-6971,A320
384,6E-5031,A321
385,AI-879,A321
386,6E-5073,A320
387,SG-8152,737
388,6E-2089,A321
389,6E-2329,A321
390,SG-8106,737
391,6E-2148,A320
392,SG-8263,737
393,6E-2367,A321
394,6E-2001,A320
395,6E-398,A320
396,6E-889,A320
397,6E-761,A320
398,6E-5012,A321
399,6E-6187,A320
400,6E-2043,A320
401,6E-5336,A320
402,6E-2031,A320
403,6E-2841,A320
404,6E-387,A320
405,AI-9991,AT43
406,6E-6171,A320
407,AI-895,A320
408,6E-5003,A320
409,6E-358,A320
410,6E-6613,A320
411,AI-489,A320
412,6E-2109,A320
413,6E-2517,A320
414,6E-6636,A321
415,6E-128,A321
416,SG-1072,DH8B
417,6E-148,A320
418,G8-423,A320
419,I5-829,A320
420,SG-1074,DH8B
421,6E-251,A320
422,I5-737,A320
423,6E-5037,A320
424,6E-6096,A321
425,6E-6186,A320
426,6E-2087,A320
427,6E-6198,A320
428,6E-5016,A321
429,6E-307,A321
430,6E-947,A320
431,6E-2016,A321
432,SG-263,737
433,SG-292,737
434,6E-546,A320
435,6E-972,A320
436,6E-6197,A320
437,6E-5071,A321
438,G8-151,A320
439,6E-6282,A320
440,SG-8195,
441,6E-2843,A320
442,6E-2479,A320
443,SG-958,737
444,AI-493,A320
445,SG-6027,
446,6E-2938,A320
447,6E-2939,A320
448,6E-2346,A321
449,6E-2076,A321
450,6E-2618,A321
451,6E-2107,A320
452,6E-943,A321
453,6E-6023,A320
454,6E-6189,A320
455,6E-635,A320
456,SG-8968,737
457,SG-8107,737
458,6E-289,A320
459,6E-2162,A321
460,6E-2169,A320
461,6E-2061,A320
462,SG-1071,DH8B
463,SG-1056,DH8B
464,6E-954,A320
465,6E-6739,A320
466,SG-8193,B38M
467,SG-8913,737
468,SG-8103,B38M
469,SG-107,
470,6E-2719,A320
471,UK-994,A320
472,UK-910,B738
473,G8-339,A320
474,6E-6004,A320
475,6E-2077,A321
476,AI-888,A20N
477,AI-867,B77W
478,AI-660,A20N
479,G8-351,A320
480,AI-442,A20N
481,UK-958,
482,UK-960,A320
483,SG-8710,737
484,SG-8158,B38M
485,I5-942,A320
486,6E-416,A320
487,UK-940,A320
488,UK-944,A320
489,6E-939,A320
490,6E-168,A321
491,AI-631,A321
492,I5-631,A320
493,UK-996,A320
494,6E-5382,A320
495,6E-6201,A320
496,6E-176,A320
497,6E-6222,A320
498,AI-639,A20N
499,AI-649,A20N
500,UK-988,A320
501,UK-651,A320
502,UK-863,A320
503,AI-675,A320
504,6E-6234,A321
505,G8-287,A320
506,UK-851,A320
507,AI-651,A321
508,SG-4417,737
509,UK-613,A320
510,UK-875,A320
511,UK-852,A320
512,6E-574,A320
513,AI-611,A321
514,UK-853,A320
515,G8-349,A320
516,SG-349,B38M
517,UK-773,B738
518,6E-5384,A320
519,6E-5392,A320
520,UK-771,B738
521,UK-825,B738
522,AI-673,A320
523,AI-9657,
524,AI-681,A320
525,UK-775,B738
526,G8-329,A320
527,G8-327,A320
528,G8-319,A320
529,G8-322,A320
530,6E-6721,A320
531,AI-806,A20N
532,AI-809,A321
533,6E-5372,A321
534,G8-365,A320
535,G8-387,A320
536,G8-520,A320
537,G8-511,A320
538,AI-635,A20N
539,6E-2047,A321
540,SG-2697,DH8B
541,UK-970,A320
542,SG-8702,737
543,UK-928,A320
544,G8-364,A320
545,SG-276,B38M
546,AI-774,A319
547,AI-619,A319
548,AI-643,A20N
549,UK-823,A320
550,AI-667,A320
551,UK-621,A320
552,UK-865,A320
553,AI-685,A321
554,UK-841,A320
555,AI-683,A20N
556,G8-382,A320
557,AI-625,A320
558,G8-575,A320
559,G8-331,A320
560,6E-2172,A321
561,6E-5017,A320
562,AI-687,B788
563,G8-391,A320
564,UK-877,B738
565,6E-213,A320
566,AI-627,A319
567,UK-655,A320
568,AI-637,A20N
569,AI-655,A319
570,AI-607,A321
571,G8-383,A320
572,AI-645,A20N
573,AI-663,A320
574,AI-570,A20N
575,G8-381,A320
576,AI-671,A20N
577,G8-2440,
578,SG-1092,
579,SG-1090,
580,SG-1062,
581,I5-620,A320
582,G8-2502,A320
583,SG-343,B38M
584,AI-688,A321
585,AI-629,A319
586,AI-669,A20N
587,AI-9919,
588,AI-679,A319
589,SG-1059,DH8B
590,UK-954,A320
591,UK-930,A321
592,UK-986,A321
593,UK-950,A320
594,UK-902,A320
595,G8-461,A320
596,UK-653,A320
597,UK-873,B738
598,UK-849,A320
599,UK-845,A320
600,UK-857,A320
601,G8-317,A320
602,UK-821,A320
603,UK-827,B738
604,6E-2518,A321
605,6E-5386,A320
606,6E-296,A320
607,AI-864,A20N
608,6E-6182,A320
609,I5-330,A320
610,I5-1569,A320
611,6E-248,A321
612,6E-5395,A320
613,UK-861,A320
614,I5-471,A320
615,G8-7536,
616,G8-7537,
617,G8-7538,
618,G8-341,A320
619,G8-345,A320
620,G8-321,A320
621,G8-2508,A320
622,6E-5013,A321
623,I5-678,A320
624,I5-336,A320
625,G8-244,A320
626,G8-2417,A320
627,G8-7546,
628,G8-306,A320
629,G8-7545,
630,G8-371,A320
631,G8-2411,A320
632,G8-363,A320
633,6E-5376,A321
634,G8-325,A320
635,G8-2606,A320
636,6E-5006,A321
637,6E-154,A320
638,6E-945,A320
639,AI-615,A320
640,AI-695,A319
641,AI-657,A321
642,AI-633,A319
643,I5-941,A320
644,AI-652,A321
645,6E-5361,A320
646,SG-8179,
647,6E-5308,A320
648,6E-5047,A320
649,I5-338,A320
650,6E-6515,A321
651,6E-6993,A320
652,6E-5313,A320
653,6E-6084,A320
654,6E-164,A320
655,6E-5381,A320
656,6E-5332,A320
657,6E-138,A320
658,6E-2103,A320
659,6E-439,A321
660,6E-5501,A320
661,6E-821,A320
662,AI-623,A319
663,6E-6029,A320
664,SG-223,737
665,AI-601,A319
666,G8-398,A320
667,G8-3184,A320
668,6E-5431,
669,G8-2504,A320
670,G8-2506,A320
671,AI-603,A20N
672,6E-5338,A320
673,6E-5366,A321
674,6E-219,A321
675,6E-6463,A320
676,6E-6258,A321
677,6E-354,A321
678,6E-5209,A321
679,6E-5312,A320
680,6E-236,A320
681,6E-5217,A321
682,6E-5359,A320
683,6E-6109,A320
684,6E-5391,A320
685,I5-423,A320
686,SG-455,B38M
687,6E-179,A321
688,SG-488,B38M
689,6E-5307,A320
690,6E-5317,A320
691,G8-390,A320
692,6E-5396,A320
693,6E-5202,A321
694,SG-475,737
695,6E-331,A320
696,6E-6818,A321
697,6E-5375,A320
698,6E-5208,A320
699,6E-6123,A320
700,6E-136,A320
701,6E-5393,A320
702,6E-6051,A320
703,6E-711,A321
704,6E-5316,A321
705,6E-5236,A320
706,G8-2601,A320
707,G8-602,A320
708,G8-7561,
709,SG-9923,
710,6E-5371,A321
711,6E-7292,ATR
712,6E-6809,A320
713,6E-825,A320
714,6E-5352,A320
715,6E-6478,A321
716,6E-6817,A321
717,6E-6293,A320
718,6E-5345,A320
719,6E-739,A320
720,SG-415,737
721,SG-634,737
722,6E-461,A320
723,6E-234,A320
724,6E-818,A320
725,6E-448,A320
726,6E-434,A321
727,6E-6094,A320
728,6E-5337,A320
729,6E-907,A321
730,G8-705,A320
731,6E-5343,A321
732,SG-3440,DH8B
733,6E-395,A320
734,6E-6014,A321
735,6E-6749,A320
736,SG-467,B38M
737,6E-6326,A321
738,6E-205,A321
739,6E-5342,A321
740,6E-363,A321
741,SG-241,B38M
742,6E-312,A320
743,6E-5302,A320
744,SG-401,737
745,SG-163,B38M
746,SG-251,B38M
747,6E-544,A321
748,SG-923,737
749,6E-519,A320
750,6E-5373,A320
751,SG-611,737
752,6E-5349,A320
753,6E-6088,A320
754,6E-6475,A320
755,6E-559,A320
756,SG-5018,
757,6E-832,A321
758,6E-627,A321
759,SG-5074,
760,G8-2605,A320
761,6E-6474,A320
762,6E-227,A320
763,6E-6223,A320
764,SG-5079,
765,6E-6086,A321
766,6E-5355,A321
767,6E-533,A320
768,6E-542,A320
769,6E-802,A321
770,SG-487,B38M
771,G8-397,A320
772,G8-2607,A320
773,SG-3248,
774,6E-932,A320
775,G8-7557,
776,G8-347,A320
777,G8-305,A320
778,G8-384,A320
779,6E-5206,A321
780,6E-6206,A320
781,6E-5214,A321
782,6E-5368,A320
783,6E-5379,A320
784,6E-5398,A320
785,SG-6003,
786,SG-5019,
787,G8-303,A320
788,AI-9030,
789,6E-6292,A321
790,6E-911,A320
791,I5-996,A20N
792,UK-820,A321
793,UK-802,A320
794,6E-6139,A321
795,6E-2514,A320
796,6E-2027,A320
797,6E-2174,A321
798,6E-2034,A321
799,AI-505,A20N
800,AI-501,A20N
801,AI-503,A20N
802,I5-1566,A20N
803,G8-405,A320
804,G8-873,A320
805,G8-385,A320
806,SG-136,737
807,I5-1528,A320
808,6E-2186,A321
809,AI-804,A20N
810,UK-810,A320
811,AI-808,A320
812,I5-749,A320
813,AI-523,A319
814,UK-808,A320
815,UK-816,A320
816,UK-818,A321
817,I5-1982,A320
818,I5-1426,A320
819,UK-858,A320
820,6E-6104,A320
821,I5-2392,A320
822,AI-640,A20N
823,6E-436,A320
824,UK-657,A320
825,G8-283,A320
826,AI-573,A20N
827,6E-6257,A321
828,SG-4009,DH8B
829,I5-592,A320
830,SG-531,737
831,6E-276,A320
832,6E-6753,A320
833,UK-850,A320
834,G8-395,A320
835,6E-484,A321
836,6E-6535,A321
837,SG-209,B38M
838,6E-415,A320
839,6E-6491,A320
840,6E-7223,ATR
841,UK-854,A320
842,6E-702,A320
843,G8-320,A320
844,6E-886,A321
845,I5-992,A320
846,SG-3027,DH8B
847,6E-528,A321
848,6E-6067,A320
849,I5-1229,A320
850,AI-9501,
851,AI-9517,
852,G8-803,A320
853,UK-755,A320
854,SG-198,737
855,I5-892,A320
856,I5-589,A320
857,6E-2337,A321
858,6E-455,A320
859,6E-807,A321
860,6E-6393,A320
861,AI-507,A321
862,AI-9876,
863,6E-6339,A320
864,I5-1621,A320
865,I5-819,A320
866,G8-146,A320
867,AI-9505,
868,AI-9547,
869,SG-768,737
870,G8-116,A320
871,G8-118,A320
872,I5-1782,A320
873,G8-312,A320
874,SG-4005,DH8B
875,AI-9927,
876,SG-517,B38M
877,SG-327,B38M
878,UK-867,A320
879,6E-6802,A320
880,SG-3023,DH8B
881,AI-565,A320
882,SG-5013,
883,SG-5002,
884,SG-535,737
885,I5-410,A320
886,I5-1780,A20N
887,I5-2472,A320
888,G8-791,A320
889,AI-516,A319
890,AI-610,A321
891,AI-748,A321
892,AI-738,A321
893,AI-9925,
894,G8-285,A320
895,UK-814,A320
896,6E-2025,A321
897,6E-6386,A321
898,I5-972,A320
899,UK-897,A320
900,UK-893,A320
901,UK-864,A320
902,UK-846,A320
903,UK-866,A320
904,AI-9931,AT43
905,I5-5405,A320
906,I5-5402,
907,I5-1321,A320
908,I5-722,A20N
909,6E-855,A320
910,6E-638,A321
911,6E-426,A321
912,I5-818,A320
913,I5-1427,A320
914,I5-991,A320
915,I5-1561,A320
916,I5-820,A320
917,I5-2461,A20N
918,I5-1451,A320
919,SG-5006,
920,I5-1783,A320
921,I5-1576,A20N
922,I5-1228,A320
923,I5-1983,A320
924,I5-1731,A20N
925,I5-1562,A320
926,I5-339,A320
927,G8-808,A320
928,G8-7547,
929,G8-7548,
930,G8-241,A320
931,G8-2231,A320
932,G8-7543,
933,G8-399,A320
934,G8-518,
935,6E-747,A320
936,G8-510,A320
937,6E-232,A320
938,6E-708,A320
939,6E-2053,A320
940,SG-468,B38M
941,6E-684,A320
942,I5-1540,A320
943,I5-1530,A320
944,I5-334,A320
945,6E-543,A320
946,6E-6178,A321
947,G8-294,A320
948,G8-815,A320
949,SG-516,B38M
950,6E-6876,A321
951,6E-408,A320
952,AI-776,A321
953,SG-438,737
954,SG-635,737
955,6E-469,A320
956,6E-537,A320
957,6E-869,A320
958,6E-6247,A320
959,6E-871,A320
960,6E-735,A320
961,6E-5007,A320
962,SG-8906,737
963,G8-374,A320
964,G8-401,A320
965,G8-403,A320
966,SG-3233,DH8B
967,SG-3719,DH8B
968,6E-7257,ATR
969,SG-3725,DH8B
970,AI-604,A20N
971,I5-736,A20N
972,AI-772,A319
973,G8-292,A320
974,AI-564,A321
975,G8-805,A320
976,G8-801,A320
977,AI-583,A320
978,6E-113,A320
979,6E-5365,A321
980,6E-5323,A320
981,6E-131,A320
982,6E-7227,ATR
983,6E-295,A320
984,6E-6345,A321
985,6E-161,A320
986,6E-5203,A320
987,6E-5389,A320
988,6E-841,A320
989,6E-541,A320
990,I5-1622,A320
991,6E-6017,A320
992,6E-6445,A320
993,6E-5399,A321
994,6E-6517,A320
995,SG-5072,
996,6E-379,A320
997,G8-790,A320
998,6E-806,A320
999,6E-357,A321
1000,6E-332,A320
1001,6E-6212,A320
1002,6E-6464,A320
1003,6E-5344,A320
1004,I5-1454,A320
1005,G8-812,A320
1006,G8-7559,
1007,6E-309,A320
1008,6E-5303,A321
1009,6E-6085,A320
1010,6E-6479,A321
1011,6E-488,A320
1012,6E-738,A320
1013,6E-5305,A320
1014,6E-356,A320
1015,6E-6012,A320
1016,6E-6825,A320
1017,6E-575,A320
1018,6E-6269,A320
1019,6E-975,A321
1020,6E-6572,A321
1021,6E-503,A320
1022,6E-201,A320
1023,6E-676,A320
1024,6E-897,A321
1025,6E-246,A321
1026,6E-6798,A320
1027,I5-1564,A320
1028,6E-959,A320
1029,6E-255,A320
1030,6E-457,A320
1031,6E-952,A321
1032,I5-5204,A320
1033,SG-5073,
1034,6E-146,A320
1035,6E-172,A320
1036,6E-409,A321
1037,6E-524,A320
1038,SG-5092,
1039,6E-978,A321
1040,6E-442,A321
1041,6E-368,A321
1042,6E-969,A320
1043,6E-7204,ATR
1044,SG-5093,
1045,SG-5025,
1046,6E-7071,ATR
1047,6E-478,A320
1048,SG-1031,DH8B
1049,SG-8264,737
1050,I5-582,A320
1051,I5-2473,A320
1052,I5-1563,A320
1053,6E-2009,A320
1054,G8-519,A320
1055,6E-751,A320
1056,6E-487,A320
1057,6E-224,A320
1058,6E-6513,A320
1059,6E-7177,ATR
1060,AI-402,A321
1061,AI-768,A20N
1062,6E-7234,ATR
1063,I5-588,A320
1064,6E-854,A321
1065,6E-898,A321
1066,6E-135,A320
1067,UK-778,A320
1068,6E-6172,A321
1069,AI-721,A319
1070,6E-715,A320
1071,SG-3229,737
1072,SG-337,737
1073,6E-6488,A320
1074,6E-599,
1075,6E-394,A320
1076,G8-102,A320
1077,6E-404,A321
1078,AI-676,A320
1079,UK-772,B738
1080,6E-417,A320
1081,AI-773,A319
1082,UK-776,B738
1083,6E-994,A320
1084,SG-4027,DH8B
1085,6E-6021,A321
1086,UK-774,B738
1087,SG-4031,DH8B
1088,AI-765,A321
1089,6E-6785,A320
1090,6E-634,A320
1091,G8-227,A320
1092,SG-8130,737
1093,AI-763,A321
1094,AI-770,
1095,SG-9911,
1096,G8-512,A320
1097,6E-6214,A320
1098,6E-6344,A320
1099,6E-6324,A321
1100,UK-738,A320
1101,6E-895,A320
1102,I5-547,A320
1103,I5-552,A320
1104,6E-139,A320
1105,6E-566,A320
1106,AI-9745,AT43
1107,SG-3281,DH8B
1108,UK-720,A320
1109,6E-7561,ATR
1110,I5-319,A320
1111,6E-7583,ATR
1112,6E-512,A320
1113,SG-4025,DH8B
1114,6E-261,A320
1115,6E-961,A320
1116,AI-787,A319
1117,SG-3839,DH8B
1118,6E-496,A320
1119,6E-6623,A320
1120,SG-1077,DH8B
1121,6E-2474,A320
1122,6E-6917,A320
1123,6E-811,A320
1124,6E-2127,A320
1125,6E-6616,A320
1126,AI-424,A321
1127,AI-9741,
1128,6E-7623,ATR
1129,AI-9755,
1130,I5-2991,A320
1131,G8-393,A320
1132,AI-526,A319
1133,AI-745,A319
1134,6E-7264,ATR
1135,UK-708,A320
1136,6E-294,A320
1137,AI-732,A320
1138,G8-789,A320
1139,AI-747,A320
1140,G8-792,A320
1141,6E-6891,A320
1142,6E-875,A321
1143,6E-2516,A320
1144,6E-757,A320
1145,AI-9720,
1146,6E-375,A320
1147,AI-9929,
1148,AI-729,A319
1149,6E-6965,A320
1150,6E-563,A320
1151,AI-713,A319
1152,AI-715,A319
1153,I5-583,A320
1154,I5-5406,A320
1155,6E-318,A320
1156,6E-123,A321
1157,6E-245,A320
1158,I5-830,A320
1159,G8-537,A320
1160,G8-532,A320
1161,G8-125,A320
1162,G8-295,A320
1163,G8-626,
1164,6E-6087,A321
1165,G8-787,
1166,G8-7562,
1167,G8-7560,
1168,6E-893,A320
1169,AI-781,A321
1170,SG-1058,
1171,AI-743,A319
1172,G8-297,
1173,6E-856,A320
1174,6E-6717,A320
1175,6E-7115,ATR
1176,6E-713,A320
1177,G8-299,A320
1178,6E-2008,A320
1179,SG-254,737
1180,SG-264,737
1181,6E-6121,A320
1182,6E-7202,ATR
1183,6E-7147,ATR
1184,6E-798,A320
1185,AI-780,A321
1186,6E-759,A320
1187,G8-676,A320
1188,SG-3723,DH8B
1189,SG-649,737
1190,SG-3321,DH8B
1191,AI-775,A321
1192,AI-771,A319
1193,6E-192,A320
1194,SG-489,B38M
1195,6E-6227,A320
1196,6E-5327,A320
1197,6E-7175,ATR
1198,SG-406,737
1199,SG-242,B38M
1200,SG-387,737
1201,SG-679,737
1202,6E-725,A320
1203,SG-5088,
1204,SG-732,737
1205,G8-704,A320
1206,SG-3564,DH8B
1207,6E-6597,A320
1208,6E-7114,ATR
1209,SG-366,737
1210,6E-892,A320
1211,G8-701,A320
1212,6E-134,A320
1213,6E-716,A320
1214,6E-822,A320
1215,6E-966,A320
1216,6E-534,A321
1217,I5-371,A320
1218,I5-510,A320
1219,6E-345,A320
1220,6E-7713,ATR
1221,6E-989,A321
1222,6E-268,A321
1223,SG-5091,
1224,SG-5075,
1225,SG-274,
1226,6E-6128,A320
1227,6E-958,A320
1228,6E-292,A320
1229,I5-541,A320
1230,6E-271,A320
1231,I5-360,A20N
1232,I5-556,A320
1233,6E-374,A320
1234,6E-321,A320
1235,6E-6926,A320
1236,6E-207,A320
1237,SG-3832,DH8B
1238,SG-3835,DH8B
1239,6E-6444,A320
1240,6E-6741,A320
1241,SG-2508,DH8B
1242,SG-5067,
1243,I5-1543,A20N
1244,UK-880,A320
1245,I5-1517,A320
1246,SG-3283,DH8B
1247,6E-2248,A320
1248,6E-643,A320
1249,6E-913,A320
1250,6E-7136,ATR
1251,I5-1518,A320
1252,AI-9518,
1253,AI-9891,
1254,AI-9881,
1255,6E-7076,AT43
1256,SG-4003,DH8B
1257,6E-2456,A320
1258,6E-6684,A321
1259,UK-860,A320
1260,UK-890,A320
1261,UK-870,A320
1262,AI-698,A319
1263,6E-2093,A320
1264,UK-830,A321
1265,AI-543,A20N
1266,AI-9875,
1267,UK-876,A320
1268,6E-6307,A320
1269,6E-6737,A320
1270,AI-9885,
1271,AI-840,B77W
1272,AI-9893,
1273,6E-7121,ATR
1274,I5-517,A320
1275,6E-6467,A320
1276,G8-123,A320
1277,SG-390,737
1278,6E-7156,ATR
1279,AI-508,A319
1280,6E-6277,A320
1281,6E-269,A320
1282,AI-525,A319
1283,AI-9928,
1284,G8-661,
1285,SG-5069,
1286,AI-838,A321
1287,AI-541,A20N
1288,G8-424,A320
1289,6E-3211,A320
1290,6E-7271,ATR
1291,UK-878,B738
1292,AI-9921,
1293,AI-515,A319
1294,I5-974,A320
1295,6E-6865,A320
1296,AI-559,A20N
1297,UK-874,B738
1298,UK-659,A320
1299,UK-898,A320
1300,UK-894,A320
1301,6E-2349,A320
1302,6E-3214,A320
1303,6E-982,A320
1304,6E-6062,A320
1305,6E-6553,A320
1306,I5-766,A320
1307,G8-7556,
1308,G8-426,A320
1309,G8-509,A320
1310,G8-515,A320
1311,G8-571,A320
1312,G8-625,A320
1313,G8-681,A320
1314,G8-506,A320
1315,G8-513,A320
1316,G8-517,A320
1317,6E-2763,A321
1318,AI-616,A320
1319,AI-420,A319
1320,6E-695,A320
1321,6E-7307,ATR
1322,6E-938,A321
1323,6E-621,A321
1324,6E-6915,A320
1325,6E-2069,A321
1326,6E-5176,A321
1327,6E-595,A321
1328,G8-551,A320
1329,AI-546,A319
1330,AI-620,A319
1331,6E-866,A320
1332,6E-6294,A320
1333,6E-2511,A320
1334,G8-813,A320
1335,SG-3728,DH8B
1336,6E-5369,A321
1337,6E-5211,A320
1338,6E-5218,A321
1339,6E-6433,A320
1340,6E-905,A320
1341,6E-793,A321
1342,6E-5207,A321
1343,6E-992,A320
1344,6E-743,A320
1345,G8-504,A320
1346,6E-132,A320
1347,6E-903,A320
1348,6E-5358,A320
1349,6E-199,A320
1350,G8-501,A320
1351,6E-6106,A320
1352,6E-6268,A320
1353,6E-453,A320
1354,6E-584,A320
1355,6E-884,A321
1356,G8-121,A320
1357,G8-503,A320
1358,G8-505,A320
1359,G8-806,A320
1360,6E-6319,A321
1361,6E-371,A320
1362,6E-285,A321
1363,6E-7224,ATR
1364,6E-6066,A321
1365,6E-413,A321
1366,6E-531,A320
1367,6E-514,A321
1368,6E-6151,A320
1369,6E-827,A321
1370,6E-6505,A320
1371,6E-157,A320
1372,6E-7298,ATR
1373,AI-9937,
1374,6E-949,A320
1375,6E-102,A320
1376,6E-668,A321
1377,6E-7201,ATR
1378,6E-7211,ATR
1379,6E-6007,A320
1380,6E-6216,A321
1381,6E-121,A321
1382,6E-887,A320
1383,6E-151,A320
1384,6E-6417,A320
1385,G8-962,A320
1386,6E-809,A320
1387,6E-283,A320
1388,6E-944,A321
1389,SG-3831,DH8B
1390,6E-6593,A320
1391,6E-384,A320
1392,6E-6358,A321
1393,6E-922,A320
1394,6E-425,A320
1395,6E-6366,A321
1396,6E-149,A320
1397,6E-6893,A320
1398,SG-731,737
1399,6E-266,A320
1400,6E-995,A321
1401,SG-5094,
1402,6E-6211,A320
1403,6E-879,A321
1404,6E-6242,A321
1405,6E-165,A320
1406,6E-6719,A320
1407,6E-6148,A320
1408,6E-882,A321
1409,6E-208,A321
1410,SG-3239,DH8B
1411,6E-438,A320
1412,6E-626,A320
1413,6E-6591,A321
1414,6E-7062,ATR
1415,6E-752,A320
1416,6E-7118,ATR
1417,SG-6018,
1418,6E-6174,A320
1419,6E-6781,A321
1420,6E-7221,AT43
1421,6E-7293,ATR
1422,6E-2752,A321
1423,6E-613,A320
1424,AI-539,A321
1425,SG-612,B38M
1426,SG-4010,DH8B
1427,6E-847,A320
1428,6E-605,A320
1429,6E-6137,A320
1430,UK-838,A320
1431,AI-538,A20N
1432,6E-5002,A320
1433,6E-2065,A321
1434,AI-766,A321
1435,UK-836,A320
1436,6E-591,A320
1437,UK-832,A320
1438,6E-5038,A321
1439,6E-2062,A321
1440,SG-520,737
1441,6E-6219,A320
1442,SG-678,737
1443,6E-6006,A320
1444,AI-430,A20N
1445,AI-549,A321
1446,AI-9894,
1447,AI-440,A321
1448,AI-672,A20N
1449,6E-495,A321
1450,SG-8108,B38M
1451,I5-5205,A320
1452,SG-329,737
1453,SG-8104,737
1454,6E-515,A320
1455,AI-569,A20N
1456,UK-834,A320
1457,UK-822,A320
1458,UK-824,A320
1459,SG-1057,DH8B
1460,6E-796,A320
1461,UK-826,B738
1462,UK-828,B738
1463,6E-6567,A321
1464,6E-193,A320
1465,6E-6113,A320
1466,6E-6217,A320
1467,6E-489,A320
1468,I5-821,A320
1469,G8-302,A320
1470,G8-304,A320
1471,I5-1531,A320
1472,I5-557,A320
1473,SG-1054,DH8B
1474,I5-1727,A320
1475,G8-451,A320
1476,6E-6215,A321
1477,6E-562,A320
1478,6E-319,A320
1479,6E-917,A321
1480,6E-156,A320
1481,I5-2462,A20N
1482,I5-361,A20N
1483,6E-998,A320
1484,6E-6309,A320
1485,6E-581,A320
1486,AI-545,A319
1487,6E-6815,A320
1488,G8-911,A320
1489,6E-7195,ATR
1490,SG-395,737
1491,G8-917,
1492,6E-2007,A320
1493,AI-551,A321
1494,AI-563,A321
1495,6E-588,A320
1496,6E-126,A320
1497,6E-5367,A320
1498,6E-5347,A321
1499,6E-7288,ATR
1500,6E-5394,A320
1501,6E-188,A320
1502,6E-6111,A321
1503,6E-929,A320
1504,6E-782,A320
1505,SG-6006,
1506,SG-6005,
1507,6E-5331,A320
1508,6E-927,A320
1509,G8-9110,
1510,6E-5325,A320
1511,6E-7084,ATR
1512,6E-7193,ATR
1513,6E-6095,A321
1514,6E-274,A320
1515,6E-727,A320
1516,6E-7329,ATR
1517,AI-509,A321
1518,6E-365,A320
1519,6E-7587,A320
1520,SG-1032,DH8B
1521,6E-881,A320
1522,6E-987,A320
1523,6E-477,A320
1524,6E-327,A321
1525,6E-6381,A320
1526,6E-7149,ATR
1527,6E-7589,ATR
1528,6E-6016,A320
1529,6E-606,A320
1530,6E-183,A320
1531,SG-388,737
1532,6E-539,A320
1533,6E-2685,A320
1534,6E-502,A321
1535,6E-848,A320
1536,6E-6213,A320
1537,6E-244,A320
1538,SG-5068,
1539,6E-401,A320
1540,SG-6016,
1541,6E-561,A320
1542,6E-6183,A320
1543,6E-6897,A321
1544,6E-298,A320
1545,6E-973,A320
1546,6E-105,A320
1547,6E-611,A320
1548,6E-7261,ATR
1549,6E-7216,ATR
1550,6E-7185,ATR
1551,6E-804,A320
1552,6E-7183,ATR
1553,SG-6017,
1554,6E-7208,ATR
1555,6E-7252,ATR
1556,6E-7141,ATR
1557,6E-557,A320
1558,6E-7127,ATR
1559,6E-7259,ATR
1560,AI-433,A20N
